{
  "index.html": 1678721551265,
  "controller/App.controller.js": 1678721551265,
  "utils/locate-reuse-libs.js": 1678721551265,
  "model/models.js": 1678721551265,
  "controller/View1.controller.js": 1678725197036,
  "manifest.json": 1678781026859,
  "Component.js": 1678721551265,
  "Component-preload.js": 1678781027309,
  "utils/locate-reuse-libs-dbg.js": 1678721551265,
  "model/models-dbg.js": 1678721551265,
  "controller/View1-dbg.controller.js": 1678725197036,
  "controller/App-dbg.controller.js": 1678721551265,
  "Component-dbg.js": 1678721551265,
  "view/fragments/SourcingStrategy.fragment.xml": 1678721551265,
  "view/fragments/SourceJustification.fragment.xml": 1678721551265,
  "view/fragments/ScopeOfWork.fragment.xml": 1678721551265,
  "view/fragments/PreQualification.fragment.xml": 1678721551265,
  "view/fragments/HSSE.fragment.xml": 1678721551265,
  "view/fragments/ContractInfo.fragment.xml": 1678721551265,
  "view/fragments/CompanyEstimation.fragment.xml": 1678721551265,
  "view/View1.view.xml": 1678776972322,
  "view/App.view.xml": 1678721551265,
  "css/style.css": 1678721551265,
  "i18n/i18n.properties": 1678721551265
}