{
  "view/fragments/ContractInfo.fragment.xml": 1678186662073,
  "controller/App.controller.js": 1678085982111,
  "utils/locate-reuse-libs.js": 1678085982103,
  "model/models.js": 1678085982107,
  "controller/View1.controller.js": 1678570644169,
  "manifest.json": 1678572297823,
  "Component.js": 1678085982103,
  "Component-preload.js": 1678572298174,
  "controller/App-dbg.controller.js": 1678085982111,
  "model/models-dbg.js": 1678085982107,
  "controller/View1-dbg.controller.js": 1678570644169,
  "utils/locate-reuse-libs-dbg.js": 1678085982103,
  "Component-dbg.js": 1678085982103,
  "view/fragments/SourcingStrategy.fragment.xml": 1678191834730,
  "view/fragments/SourceJustification.fragment.xml": 1678211980404,
  "view/fragments/ScopeOfWork.fragment.xml": 1678188017160,
  "view/fragments/PreQualification.fragment.xml": 1678212201648,
  "view/fragments/HSSE.fragment.xml": 1678357369844,
  "i18n/i18n.properties": 1678085982103,
  "view/View1.view.xml": 1678358071094,
  "view/App.view.xml": 1678085982115,
  "css/style.css": 1678085982111,
  "index.html": 1678085982103
}