{
  "view/fragments/PreQualification.fragment.xml": 1678721551265,
  "utils/locate-reuse-libs.js": 1678721551265,
  "manifest.json": 1679402053725,
  "model/models.js": 1678875023660,
  "controller/View1.controller.js": 1678875123241,
  "controller/App.controller.js": 1678721551265,
  "Component.js": 1678721551265,
  "Component-preload.js": 1679402054538,
  "utils/locate-reuse-libs-dbg.js": 1678721551265,
  "model/models-dbg.js": 1678875023660,
  "controller/View1-dbg.controller.js": 1678875123241,
  "controller/App-dbg.controller.js": 1678721551265,
  "Component-dbg.js": 1678721551265,
  "view/fragments/SourcingStrategy.fragment.xml": 1678721551265,
  "view/fragments/SourceJustification.fragment.xml": 1678721551265,
  "view/fragments/ScopeOfWork.fragment.xml": 1678721551265,
  "i18n/i18n.properties": 1678721551265,
  "view/fragments/HSSE.fragment.xml": 1678721551265,
  "view/fragments/ContractInfo.fragment.xml": 1678721551265,
  "view/fragments/CompanyEstimationRef.fragment.xml": 1679401629444,
  "view/fragments/CompanyEstimation.fragment.xml": 1678949100972,
  "view/fragments/COAL.fragment.xml": 1678945010227,
  "view/fragments/CHAL.fragment.xml": 1678895736955,
  "view/View1.view.xml": 1679401338712,
  "view/App.view.xml": 1678721551265,
  "css/style.css": 1678721551265,
  "index.html": 1678721551265
}